{
    "config": {
        "dataset": "credit_card",
        "n_estimators": 4,
        "max_depth": 4,
        "bins": 32,
        "eps": 0.03125,
        "learning_rate": 1.0,
        "dp_epsilon": 10.0,
        "num_parties": 2,
        "train_samples": 24000,
        "test_samples": 6000,
        "features": 23
    },
    "results": {
        "xgboost_library": {
            "train_acc": 0.8234166666666667,
            "test_acc": 0.818
        },
        "plaintext_xgboost": {
            "train_acc": 0.8232083333333333,
            "test_acc": 0.817
        },
        "elxgb": {
            "train_acc": 0.8224583333333333,
            "test_acc": 0.8196666666666667,
            "pure_train_time_sec": 1257.9669377803802,
            "total_comm_bytes": 17145516.0,
            "total_comm_mb": 16.351238250732422
        }
    }
}