{
    "config": {
        "dataset": "bank_marketing",
        "n_estimators": 5,
        "max_depth": 3,
        "bins": 32,
        "eps": 0.03125,
        "learning_rate": 1.0,
        "dp_epsilon": 10.0,
        "num_parties": 2,
        "train_samples": 36168,
        "test_samples": 9043,
        "features": 16
    },
    "results": {
        "xgboost_library": {
            "train_acc": 0.9023169652731696,
            "test_acc": 0.8960521950680084
        },
        "plaintext_xgboost": {
            "train_acc": 0.8996626852466268,
            "test_acc": 0.8937299568727193
        },
        "elxgb": {
            "train_acc": 0.8950729927007299,
            "test_acc": 0.8930664602454937
        }
    }
}