{
    "config": {
        "dataset": "bank_marketing",
        "n_estimators": 3,
        "max_depth": 3,
        "bins": 32,
        "eps": 0.03125,
        "learning_rate": 1.0,
        "dp_epsilon": 10.0,
        "num_parties": 2,
        "train_samples": 36168,
        "test_samples": 9043,
        "features": 16
    },
    "results": {
        "xgboost_library": {
            "train_acc": 0.9007962840079629,
            "test_acc": 0.8959416122968041
        },
        "plaintext_xgboost": {
            "train_acc": 0.8999668214996682,
            "test_acc": 0.8922923808470641
        },
        "elxgb": {
            "train_acc": 0.8911745189117452,
            "test_acc": 0.8865420767444432
        }
    }
}