{
    "config": {
        "dataset": "bank_marketing",
        "n_estimators": 6,
        "max_depth": 4,
        "bins": 32,
        "eps": 0.03125,
        "learning_rate": 1.0,
        "dp_epsilon": 10.0,
        "num_parties": 2,
        "train_samples": 36168,
        "test_samples": 9043,
        "features": 16
    },
    "results": {
        "xgboost_library": {
            "train_acc": 0.9061601415616014,
            "test_acc": 0.8981532677208891
        },
        "plaintext_xgboost": {
            "train_acc": 0.9069066578190665,
            "test_acc": 0.9014707508570164
        },
        "elxgb": {
            "train_acc": 0.9011557177615572,
            "test_acc": 0.8951675328983745,
            "pure_train_time_sec": 754.436591386795,
            "total_comm_bytes": 25580974.0,
            "total_comm_mb": 24.395917892456055
        }
    }
}