{
    "config": {
        "dataset": "credit_card",
        "n_estimators": 4,
        "max_depth": 3,
        "bins": 32,
        "eps": 0.03125,
        "learning_rate": 1.0,
        "dp_epsilon": 10.0,
        "num_parties": 2,
        "train_samples": 24000,
        "test_samples": 6000,
        "features": 23
    },
    "results": {
        "xgboost_library": {
            "train_acc": 0.8220416666666667,
            "test_acc": 0.8186666666666667
        },
        "plaintext_xgboost": {
            "train_acc": 0.8204583333333333,
            "test_acc": 0.8168333333333333
        },
        "elxgb": {
            "train_acc": 0.8209166666666666,
            "test_acc": 0.8196666666666667,
            "pure_train_time_sec": 587.3643956184387,
            "total_comm_bytes": 15351350.0,
            "total_comm_mb": 14.640188217163086
        }
    }
}