{
    "config": {
        "dataset": "bank_marketing",
        "n_estimators": 6,
        "max_depth": 3,
        "bins": 32,
        "eps": 0.03125,
        "learning_rate": 1.0,
        "dp_epsilon": 10.0,
        "num_parties": 2,
        "train_samples": 36168,
        "test_samples": 9043,
        "features": 16
    },
    "results": {
        "xgboost_library": {
            "train_acc": 0.9027040477770405,
            "test_acc": 0.8976003538648678
        },
        "plaintext_xgboost": {
            "train_acc": 0.9028975890289759,
            "test_acc": 0.8962733606104168
        },
        "elxgb": {
            "train_acc": 0.8983908427339085,
            "test_acc": 0.8945040362711489,
            "pure_train_time_sec": 354.01099252700806,
            "total_comm_bytes": 24616145.0,
            "total_comm_mb": 23.47578525543213
        }
    }
}