{
    "config": {
        "dataset": "credit_card",
        "n_estimators": 6,
        "max_depth": 4,
        "bins": 32,
        "eps": 0.03125,
        "learning_rate": 1.0,
        "dp_epsilon": 10.0,
        "num_parties": 2,
        "train_samples": 24000,
        "test_samples": 6000,
        "features": 23
    },
    "results": {
        "xgboost_library": {
            "train_acc": 0.8241666666666667,
            "test_acc": 0.8186666666666667
        },
        "plaintext_xgboost": {
            "train_acc": 0.8240416666666667,
            "test_acc": 0.8196666666666667
        },
        "elxgb": {
            "train_acc": 0.8224583333333333,
            "test_acc": 0.8185,
            "pure_train_time_sec": 1255.2934255599976,
            "total_comm_bytes": 17764716.0,
            "total_comm_mb": 16.941753387451172
        }
    }
}