{
    "config": {
        "dataset": "credit_card",
        "n_estimators": 3,
        "max_depth": 3,
        "bins": 32,
        "eps": 0.03125,
        "learning_rate": 1.0,
        "dp_epsilon": 10.0,
        "num_parties": 2,
        "train_samples": 24000,
        "test_samples": 6000,
        "features": 23
    },
    "results": {
        "xgboost_library": {
            "train_acc": 0.82275,
            "test_acc": 0.8186666666666667
        },
        "plaintext_xgboost": {
            "train_acc": 0.8217916666666667,
            "test_acc": 0.8186666666666667
        },
        "elxgb": {
            "train_acc": 0.822375,
            "test_acc": 0.8213333333333334,
            "pure_train_time_sec": 584.6082291603088,
            "total_comm_bytes": 14581404.0,
            "total_comm_mb": 13.90591049194336
        }
    }
}