{
    "config": {
        "dataset": "bank_marketing",
        "n_estimators": 2,
        "max_depth": 4,
        "bins": 32,
        "eps": 0.03125,
        "learning_rate": 1.0,
        "dp_epsilon": 10.0,
        "num_parties": 2,
        "train_samples": 36168,
        "test_samples": 9043,
        "features": 16
    },
    "results": {
        "xgboost_library": {
            "train_acc": 0.8992203052422031,
            "test_acc": 0.8938405396439235
        },
        "plaintext_xgboost": {
            "train_acc": 0.9016810440168105,
            "test_acc": 0.8937299568727193
        },
        "elxgb": {
            "train_acc": 0.9006856890068569,
            "test_acc": 0.8942828707287405,
            "pure_train_time_sec": 754.2878022193909,
            "total_comm_bytes": 20453501.0,
            "total_comm_mb": 19.50597858428955
        }
    }
}