{
    "config": {
        "dataset": "bank_marketing",
        "n_estimators": 5,
        "max_depth": 4,
        "bins": 32,
        "eps": 0.03125,
        "learning_rate": 1.0,
        "dp_epsilon": 10.0,
        "num_parties": 2,
        "train_samples": 36168,
        "test_samples": 9043,
        "features": 16
    },
    "results": {
        "xgboost_library": {
            "train_acc": 0.9033676177836761,
            "test_acc": 0.8970474400088466
        },
        "plaintext_xgboost": {
            "train_acc": 0.906021897810219,
            "test_acc": 0.9009178370009953
        },
        "elxgb": {
            "train_acc": 0.9014045565140456,
            "test_acc": 0.8938405396439235
        }
    }
}