{
    "config": {
        "dataset": "bank_marketing",
        "n_estimators": 2,
        "max_depth": 4,
        "bins": 32,
        "eps": 0.03125,
        "learning_rate": 1.0,
        "dp_epsilon": 10.0,
        "num_parties": 2,
        "train_samples": 36168,
        "test_samples": 9043,
        "features": 16
    },
    "results": {
        "xgboost_library": {
            "train_acc": 0.8992203052422031,
            "test_acc": 0.8938405396439235
        },
        "plaintext_xgboost": {
            "train_acc": 0.9016810440168105,
            "test_acc": 0.8937299568727193
        },
        "elxgb": {
            "train_acc": 0.9018745852687459,
            "test_acc": 0.8966051089240297
        }
    }
}