{
    "config": {
        "dataset": "credit_card",
        "n_estimators": 2,
        "max_depth": 3,
        "bins": 32,
        "eps": 0.03125,
        "learning_rate": 1.0,
        "dp_epsilon": 10.0,
        "num_parties": 2,
        "train_samples": 24000,
        "test_samples": 6000,
        "features": 23
    },
    "results": {
        "xgboost_library": {
            "train_acc": 0.821625,
            "test_acc": 0.8185
        },
        "plaintext_xgboost": {
            "train_acc": 0.8210833333333334,
            "test_acc": 0.8183333333333334
        },
        "elxgb": {
            "train_acc": 0.8217916666666667,
            "test_acc": 0.8211666666666667
        }
    }
}